<?xml version="1.0" encoding="UTF-8"?>
<project-private xmlns="http://www.netbeans.org/ns/project-private/1">
    <editor-bookmarks xmlns="http://www.netbeans.org/ns/editor-bookmarks/2" lastBookmarkId="0"/>
    <open-files xmlns="http://www.netbeans.org/ns/projectui-open-files/2">
        <group>
            <file>file:/C:/Users/enri0/OneDrive/Documents/Repositorios/Benito/Benito/src/mx/itson/benito/ui/FormularioArticulo.java</file>
            <file>file:/C:/Users/enri0/OneDrive/Documents/Repositorios/Benito/Benito/src/mx/itson/benito/ui/ListaOrden.java</file>
            <file>file:/C:/Users/enri0/OneDrive/Documents/Repositorios/Benito/Benito/src/mx/itson/benito/entidades/Relacion.java</file>
            <file>file:/C:/Users/enri0/OneDrive/Documents/Repositorios/Benito/Benito/src/mx/itson/benito/persistencias/ProveedorDAO.java</file>
            <file>file:/C:/Users/enri0/OneDrive/Documents/Repositorios/Benito/Benito/src/mx/itson/benito/ui/FormularioProveedor.java</file>
            <file>file:/C:/Users/enri0/OneDrive/Documents/Repositorios/Benito/Benito/src/mx/itson/benito/entidades/Articulo.java</file>
            <file>file:/C:/Users/enri0/OneDrive/Documents/Repositorios/Benito/Benito/src/mx/itson/benito/ui/ListaArticulo.java</file>
            <file>file:/C:/Users/enri0/OneDrive/Documents/Repositorios/Benito/Benito/src/mx/itson/benito/entidades/Compra.java</file>
            <file>file:/C:/Users/enri0/OneDrive/Documents/Repositorios/Benito/Benito/src/mx/itson/benito/ui/ListaProveedor.java</file>
            <file>file:/C:/Users/enri0/OneDrive/Documents/Repositorios/Benito/Benito/src/mx/itson/benito/persistencias/CompraDAO.java</file>
            <file>file:/C:/Users/enri0/OneDrive/Documents/Repositorios/Benito/Benito/src/mx/itson/benito/ui/FormularioOrden.java</file>
            <file>file:/C:/Users/enri0/OneDrive/Documents/Repositorios/Benito/Benito/src/mx/itson/benito/ui/Main.java</file>
            <file>file:/C:/Users/enri0/OneDrive/Documents/Repositorios/Benito/Benito/src/mx/itson/benito/entidades/Proveedor.java</file>
            <file>file:/C:/Users/enri0/OneDrive/Documents/Repositorios/Benito/Benito/src/mx/itson/benito/persistencias/RelacionDAO.java</file>
            <file>file:/C:/Users/enri0/OneDrive/Documents/Repositorios/Benito/Benito/src/mx/itson/benito/utilerias/HibernateUtil.java</file>
            <file>file:/C:/Users/enri0/OneDrive/Documents/Repositorios/Benito/Benito/src/mx/itson/benito/persistencias/ArticuloDAO.java</file>
        </group>
    </open-files>
</project-private>
