<?xml version="1.0" encoding="UTF-8"?>
<!DOCTYPE hibernate-configuration PUBLIC 
"-//Hibernate/Hibernate Configuration DTD 3.0//EN"
"http://www.hibernate.org/dtd/hibernate-configuration">

<hibernate-configuration>
    <session-factory>
        <property name ="hibernate.dialect">
            org.hibernate.dialect.MySQL8Dialect
        </property>   
        <property name ="hibernate.connection.driver_class">
            com.mysql.cj.jdbc.Driver
        </property>    
        <property name ="hibernate.connection.url">
            jdbc:mysql://localhost:3308/benitodb
        </property>
        <property name ="hibernate.connection.username">
            root
        </property>
        <property name ="hibernate.connection.password">
            Ninten22
        </property>
        <property name="hibernate.current_session_context_class">thread
        </property>
        
        <mapping class="mx.itson.benito.entidades.Compra"/>
        <mapping class="mx.itson.benito.entidades.Proveedor"/>
        <mapping class="mx.itson.benito.entidades.Articulo"/>
        <mapping class="mx.itson.benito.entidades.Relacion"/>
    </session-factory> 
    
</hibernate-configuration>
